Id,pred
2017_1112_1116,0.7118531992278037
2017_1112_1124,0.45695414342909435
2017_1112_1137,0.9300288136460345
2017_1112_1139,0.5706496612839661
2017_1112_1153,0.6789198795935119
2017_1112_1166,0.6500578829183641
2017_1112_1173,0.8156532402662147
2017_1112_1181,0.4350617342443539
2017_1112_1190,0.9098867171202598
2017_1112_1195,0.9540864751104547
2017_1112_1196,0.5858102643754777
2017_1112_1199,0.5300744839059967
2017_1112_1211,0.21066720542704234
2017_1112_1233,0.9498260640873862
2017_1112_1235,0.533286430197148
2017_1112_1240,0.9693473354316815
2017_1112_1242,0.3715851090010863
2017_1112_1243,0.7480899599538013
2017_1112_1245,0.9584409118662157
2017_1112_1246,0.4163863340216744
2017_1112_1257,0.4510808040597328
2017_1112_1266,0.7204871324146509
2017_1112_1268,0.741268567462924
2017_1112_1274,0.7523683468352979
2017_1112_1276,0.6010283349800741
2017_1112_1277,0.8154922048142277
2017_1112_1278,0.7521056182667971
2017_1112_1291,0.971094817550567
2017_1112_1292,0.8541288468267757
2017_1112_1297,0.9635611990412566
2017_1112_1300,0.966703393352484
2017_1112_1305,0.8630946345135095
2017_1112_1308,0.9289436616993387
2017_1112_1309,0.9713682472515596
2017_1112_1314,0.3439220911764269
2017_1112_1315,0.9726202255195489
2017_1112_1321,0.7642392428272446
2017_1112_1323,0.5600930755478498
2017_1112_1329,0.6336853043861933
2017_1112_1332,0.48247803094418296
2017_1112_1343,0.9143706448035639
2017_1112_1344,0.8401207075583511
2017_1112_1345,0.5517895785841871
2017_1112_1348,0.8451650322139498
2017_1112_1355,0.9707596567847069
2017_1112_1371,0.7945485716304205
2017_1112_1374,0.4697005969126763
2017_1112_1376,0.7719912562781628
2017_1112_1388,0.5832167315286824
2017_1112_1407,0.9635760842877011
2017_1112_1411,0.9742872363513413
2017_1112_1413,0.9674827826200787
2017_1112_1417,0.5684990535917833
2017_1112_1423,0.8804806330984113
2017_1112_1425,0.8468560383504175
2017_1112_1433,0.8208720442800015
2017_1112_1435,0.7923171947972539
2017_1112_1436,0.917039646589772
2017_1112_1437,0.24345830354417083
2017_1112_1438,0.5862797896892239
2017_1112_1439,0.6986858165651425
2017_1112_1448,0.7312770386767251
2017_1112_1452,0.48022026004859597
2017_1112_1455,0.604275750659393
2017_1112_1457,0.93870767970931
2017_1112_1458,0.6118536867798238
2017_1112_1462,0.7539858173714898
2017_1116_1124,0.24426753830440603
2017_1116_1137,0.8587429055367435
2017_1116_1139,0.313473743272667
2017_1116_1153,0.3717403400255986
2017_1116_1166,0.3638690143239963
2017_1116_1173,0.6437554828164579
2017_1116_1181,0.25489594753731337
2017_1116_1190,0.8018026109414867
2017_1116_1195,0.9056448443752722
2017_1116_1196,0.33776748942818097
2017_1116_1199,0.2678011330923975
2017_1116_1211,0.19098473643760244
2017_1116_1233,0.9006062175503158
2017_1116_1235,0.3274375487891362
2017_1116_1240,0.9522530319410513
2017_1116_1242,0.2136263116283511
2017_1116_1243,0.5392431091014308
2017_1116_1245,0.9286212519518169
2017_1116_1246,0.18231858416331947
2017_1116_1257,0.24223800561449121
2017_1116_1266,0.5996089891293657
2017_1116_1268,0.4708892973298253
2017_1116_1274,0.5200004652797188
2017_1116_1276,0.44815527764410074
2017_1116_1277,0.6117005871717645
2017_1116_1278,0.5229999053259347
2017_1116_1291,0.9617948911770211
2017_1116_1292,0.6668499720747285
2017_1116_1297,0.94060657437415
2017_1116_1300,0.9588790217054871
2017_1116_1305,0.6826808415681223
2017_1116_1308,0.8588455062198179
2017_1116_1309,0.9588934783893173
2017_1116_1314,0.17715792905155675
2017_1116_1315,0.9588140770162551
2017_1116_1321,0.5211359844864671
2017_1116_1323,0.29389001849099766
2017_1116_1329,0.4584459958181959
2017_1116_1332,0.25377852720575084
2017_1116_1343,0.7849621904980746
2017_1116_1344,0.6653985541124219
2017_1116_1345,0.31830077068836987
2017_1116_1348,0.6952768235665224
2017_1116_1355,0.9523031504482111
2017_1116_1371,0.5767517198832466
2017_1116_1374,0.2654922200512876
2017_1116_1376,0.6183975256323037
2017_1116_1388,0.3305211562753073
2017_1116_1407,0.9410380891237047
2017_1116_1411,0.9735787300181902
2017_1116_1413,0.957072096369756
2017_1116_1417,0.3726484827067735
2017_1116_1423,0.7446317421607136
2017_1116_1425,0.6388608178969655
2017_1116_1433,0.607651839384914
2017_1116_1435,0.630383639855723
2017_1116_1436,0.7934764262263566
2017_1116_1437,0.1567941069540032
2017_1116_1438,0.35431398099915024
2017_1116_1439,0.4577167349386685
2017_1116_1448,0.598068500386118
2017_1116_1452,0.2545364824631448
2017_1116_1455,0.3565261635024898
2017_1116_1457,0.9001201048549039
2017_1116_1458,0.32479691349870654
2017_1116_1462,0.48495203899653677
2017_1124_1137,0.9279911304199365
2017_1124_1139,0.5859600717670311
2017_1124_1153,0.7112973799665019
2017_1124_1166,0.6926896425862338
2017_1124_1173,0.8276462494747031
2017_1124_1181,0.43399065625272554
2017_1124_1190,0.9073209139296406
2017_1124_1195,0.9537986929566674
2017_1124_1196,0.6430176409768764
2017_1124_1199,0.5569767931848213
2017_1124_1211,0.29320531478693257
2017_1124_1233,0.9494965172760991
2017_1124_1235,0.5890454794431754
2017_1124_1240,0.9651826222536134
2017_1124_1242,0.4182160820704428
2017_1124_1243,0.7524322396711729
2017_1124_1245,0.9533499612329676
2017_1124_1246,0.5284348485654775
2017_1124_1257,0.5498193933462696
2017_1124_1266,0.7625127660634241
2017_1124_1268,0.7900726428973708
2017_1124_1274,0.7261473508271842
2017_1124_1276,0.5932165897282305
2017_1124_1277,0.806826550573948
2017_1124_1278,0.7501241388298695
2017_1124_1291,0.97061398334932
2017_1124_1292,0.8346750998000242
2017_1124_1297,0.9626280519627238
2017_1124_1300,0.9614979411615245
2017_1124_1305,0.8922589129841167
2017_1124_1308,0.9292249494323397
2017_1124_1309,0.9620392623684616
2017_1124_1314,0.4141437768140004
2017_1124_1315,0.9703529558805625
2017_1124_1321,0.7699658362657497
2017_1124_1323,0.6165972036841776
2017_1124_1329,0.672982452666165
2017_1124_1332,0.5617938725566203
2017_1124_1343,0.9086083031298581
2017_1124_1344,0.8289562207678395
2017_1124_1345,0.6286585207816464
2017_1124_1348,0.8383528690461364
2017_1124_1355,0.9705331540532341
2017_1124_1371,0.7967466372050725
2017_1124_1374,0.5390867513217694
2017_1124_1376,0.7866832221966529
2017_1124_1388,0.6373719893532945
2017_1124_1407,0.9590794382139698
2017_1124_1411,0.9729835777195727
2017_1124_1413,0.9666465856199368
2017_1124_1417,0.5826168756006437
2017_1124_1423,0.9126696704972665
2017_1124_1425,0.873546492440909
2017_1124_1433,0.8193081751663915
2017_1124_1435,0.7561289092665787
2017_1124_1436,0.9226879717982528
2017_1124_1437,0.2602627114377089
2017_1124_1438,0.6005867402425741
2017_1124_1439,0.7677707906401107
2017_1124_1448,0.7640038172795074
2017_1124_1452,0.5321443616242777
2017_1124_1455,0.6774057729182837
2017_1124_1457,0.9334007805990486
2017_1124_1458,0.6427833221046623
2017_1124_1462,0.7803032080321928
2017_1137_1139,0.09853186030878751
2017_1137_1153,0.12317316683656324
2017_1137_1166,0.11125118717601602
2017_1137_1173,0.231162282629992
2017_1137_1181,0.07398567404630277
2017_1137_1190,0.37921119094968975
2017_1137_1195,0.5772476587416017
2017_1137_1196,0.14154941186524486
2017_1137_1199,0.0951820841255077
2017_1137_1211,0.10335569016587948
2017_1137_1233,0.5991621420266267
2017_1137_1235,0.1101647571057145
2017_1137_1240,0.7827577977818342
2017_1137_1242,0.06401591333397381
2017_1137_1243,0.17190091533061555
2017_1137_1245,0.7104026604397163
2017_1137_1246,0.07546232846761033
2017_1137_1257,0.09869395247366498
2017_1137_1266,0.18606188140978192
2017_1137_1268,0.12837018311235665
2017_1137_1274,0.13549033358406012
2017_1137_1276,0.14831873760578948
2017_1137_1277,0.18322059143170127
2017_1137_1278,0.13549033358406012
2017_1137_1291,0.840407179379836
2017_1137_1292,0.23145474239678554
2017_1137_1297,0.7253135160911757
2017_1137_1300,0.8491327998395811
2017_1137_1305,0.21462705669089047
2017_1137_1308,0.5017115190483629
2017_1137_1309,0.8360692075149678
2017_1137_1314,0.0771727521807815
2017_1137_1315,0.8215086578906566
2017_1137_1321,0.13972942168664593
2017_1137_1323,0.09184966663662564
2017_1137_1329,0.15523390936574322
2017_1137_1332,0.08534170301501956
2017_1137_1343,0.30799345273022305
2017_1137_1344,0.2287176590806382
2017_1137_1345,0.11138212106914999
2017_1137_1348,0.21876027663840122
2017_1137_1355,0.7772012329249063
2017_1137_1371,0.15248892864665636
2017_1137_1374,0.08548033087778902
2017_1137_1376,0.18767419805275182
2017_1137_1388,0.11378808636096067
2017_1137_1407,0.7446163541679616
2017_1137_1411,0.8402112270702542
2017_1137_1413,0.8242573870936384
2017_1137_1417,0.10907110752352217
2017_1137_1423,0.2676653604720841
2017_1137_1425,0.20231790078471887
2017_1137_1433,0.18392051762269038
2017_1137_1435,0.21189684097984704
2017_1137_1436,0.31864062547627137
2017_1137_1437,0.07281010294535861
2017_1137_1438,0.14270959480318238
2017_1137_1439,0.11839376545674782
2017_1137_1448,0.18388430073631926
2017_1137_1452,0.13370685848537642
2017_1137_1455,0.1339836902821718
2017_1137_1457,0.6074985047283399
2017_1137_1458,0.11398052842669537
2017_1137_1462,0.1353723755706428
2017_1139_1153,0.60855010357359
2017_1139_1166,0.567871259252079
2017_1139_1173,0.757567149220195
2017_1139_1181,0.3431926759799715
2017_1139_1190,0.8719879458297511
2017_1139_1195,0.9436755686539203
2017_1139_1196,0.5102283855031388
2017_1139_1199,0.45585773320862155
2017_1139_1211,0.3277519810276235
2017_1139_1233,0.936108785320627
2017_1139_1235,0.4603174341729047
2017_1139_1240,0.961780551175418
2017_1139_1242,0.33519659567526733
2017_1139_1243,0.6980773720404299
2017_1139_1245,0.948241052243853
2017_1139_1246,0.4162823562805114
2017_1139_1257,0.4279287507126731
2017_1139_1266,0.7067175114920692
2017_1139_1268,0.6830529027700188
2017_1139_1274,0.6512449702486064
2017_1139_1276,0.5278451642541268
2017_1139_1277,0.7255141958941392
2017_1139_1278,0.6572874750301456
2017_1139_1291,0.9686392803480299
2017_1139_1292,0.8124825458372327
2017_1139_1297,0.9561693111894228
2017_1139_1300,0.9553556642950853
2017_1139_1305,0.841464886982873
2017_1139_1308,0.9132132798370699
2017_1139_1309,0.9657072259300445
2017_1139_1314,0.33147209819171136
2017_1139_1315,0.9661372169067843
2017_1139_1321,0.6901076392511672
2017_1139_1323,0.5128035178088781
2017_1139_1329,0.613851874649157
2017_1139_1332,0.46332466236966546
2017_1139_1343,0.8781050355084469
2017_1139_1344,0.7733984426292616
2017_1139_1345,0.5110539506124344
2017_1139_1348,0.7895775531147352
2017_1139_1355,0.9663421500395332
2017_1139_1371,0.7146422621099496
2017_1139_1374,0.44348433990414704
2017_1139_1376,0.6794946949228623
2017_1139_1388,0.5590051555043846
2017_1139_1407,0.9550737310811889
2017_1139_1411,0.9702265335376556
2017_1139_1413,0.9634120139794359
2017_1139_1417,0.5158367472766504
2017_1139_1423,0.881574879027132
2017_1139_1425,0.8215190830511356
2017_1139_1433,0.7593218447258793
2017_1139_1435,0.730928584420878
2017_1139_1436,0.8963479074200975
2017_1139_1437,0.2998337946237739
2017_1139_1438,0.49923769784384364
2017_1139_1439,0.6997271237871157
2017_1139_1448,0.7143456311323758
2017_1139_1452,0.44572213834832586
2017_1139_1455,0.5623436972432452
2017_1139_1457,0.9161232213993402
2017_1139_1458,0.5064831527205969
2017_1139_1462,0.6767216024764008
2017_1153_1166,0.5276683020775267
2017_1153_1173,0.728077944835512
2017_1153_1181,0.3449212228754531
2017_1153_1190,0.8651198119660308
2017_1153_1195,0.9313839175955941
2017_1153_1196,0.4974959824254813
2017_1153_1199,0.4024448198222769
2017_1153_1211,0.2562363416946785
2017_1153_1233,0.9262285205325147
2017_1153_1235,0.4395909243198404
2017_1153_1240,0.9545907689664311
2017_1153_1242,0.3138527688899797
2017_1153_1243,0.6310241582644396
2017_1153_1245,0.9402136092539186
2017_1153_1246,0.33007040615142597
2017_1153_1257,0.38350213556148194
2017_1153_1266,0.6317549464633927
2017_1153_1268,0.6694528412387989
2017_1153_1274,0.5952773822667399
2017_1153_1276,0.49428824362052626
2017_1153_1277,0.7148699618557505
2017_1153_1278,0.604670744765105
2017_1153_1291,0.9639646193174618
2017_1153_1292,0.7563015622573073
2017_1153_1297,0.950582070909043
2017_1153_1300,0.9523280641695501
2017_1153_1305,0.8270568474862419
2017_1153_1308,0.900299529323117
2017_1153_1309,0.9524043654780651
2017_1153_1314,0.2924632490263134
2017_1153_1315,0.9622019718097434
2017_1153_1321,0.6355518648381207
2017_1153_1323,0.4350430136879802
2017_1153_1329,0.5349185733519148
2017_1153_1332,0.36640009114830174
2017_1153_1343,0.860494114658807
2017_1153_1344,0.7400187204090234
2017_1153_1345,0.42429684303010723
2017_1153_1348,0.7476686550359809
2017_1153_1355,0.9578209217505442
2017_1153_1371,0.6965375360014733
2017_1153_1374,0.39801976395654465
2017_1153_1376,0.6707761577616519
2017_1153_1388,0.4523525570651843
2017_1153_1407,0.9501180662423538
2017_1153_1411,0.9651076753850938
2017_1153_1413,0.9594987448945206
2017_1153_1417,0.48032316879462134
2017_1153_1423,0.8463416095096324
2017_1153_1425,0.805131396098011
2017_1153_1433,0.7289059551696971
2017_1153_1435,0.6388537999275573
2017_1153_1436,0.8821658611747056
2017_1153_1437,0.21224197146739263
2017_1153_1438,0.4816347803342483
2017_1153_1439,0.6299366966938136
2017_1153_1448,0.6442789973859931
2017_1153_1452,0.40891763674718723
2017_1153_1455,0.5039997467418134
2017_1153_1457,0.9060864171571981
2017_1153_1458,0.47027810550012744
2017_1153_1462,0.6540580909436723
2017_1166_1173,0.687325453162034
2017_1166_1181,0.2902317697186693
2017_1166_1190,0.8157837422536803
2017_1166_1195,0.9348729661966071
2017_1166_1196,0.44979349538440144
2017_1166_1199,0.38280214205216273
2017_1166_1211,0.2259708763547496
2017_1166_1233,0.9261065518989575
2017_1166_1235,0.4105124687530181
2017_1166_1240,0.9562418464284312
2017_1166_1242,0.28880538216832713
2017_1166_1243,0.6208119057145619
2017_1166_1245,0.9410650414481152
2017_1166_1246,0.30559644409062764
2017_1166_1257,0.3571786219907001
2017_1166_1266,0.6373205904725243
2017_1166_1268,0.6216266171245959
2017_1166_1274,0.5584614878719387
2017_1166_1276,0.4769931085068214
2017_1166_1277,0.6536094326819493
2017_1166_1278,0.558113860705979
2017_1166_1291,0.9658795514416665
2017_1166_1292,0.7362166123821975
2017_1166_1297,0.9504578195524253
2017_1166_1300,0.9570601947489037
2017_1166_1305,0.7953958738341084
2017_1166_1308,0.8981430919346589
2017_1166_1309,0.9631243954226869
2017_1166_1314,0.2696553700708629
2017_1166_1315,0.9630528515980787
2017_1166_1321,0.5752208333807178
2017_1166_1323,0.4275715761327021
2017_1166_1329,0.5431832519501121
2017_1166_1332,0.347578665237283
2017_1166_1343,0.8227046249632296
2017_1166_1344,0.6885053674892735
2017_1166_1345,0.4043092452777811
2017_1166_1348,0.7150943963981793
2017_1166_1355,0.9608751607795949
2017_1166_1371,0.6312049819413384
2017_1166_1374,0.38447151545370517
2017_1166_1376,0.6044843891250877
2017_1166_1388,0.43842965257106575
2017_1166_1407,0.9517353073872465
2017_1166_1411,0.9672134658005316
2017_1166_1413,0.9612984461775727
2017_1166_1417,0.4354154751618207
2017_1166_1423,0.8237760994254468
2017_1166_1425,0.7670622403047233
2017_1166_1433,0.6676799753292205
2017_1166_1435,0.6575639034522616
2017_1166_1436,0.8556407256053301
2017_1166_1437,0.21336312794046894
2017_1166_1438,0.4565399753546393
2017_1166_1439,0.5985589278629158
2017_1166_1448,0.6479898642874143
2017_1166_1452,0.392655688865942
2017_1166_1455,0.47965162797256866
2017_1166_1457,0.910666329204676
2017_1166_1458,0.44593544581634426
2017_1166_1462,0.6075281859404137
2017_1173_1181,0.1443491814809236
2017_1173_1190,0.6529264381012326
2017_1173_1195,0.8479689979129726
2017_1173_1196,0.27762448077616353
2017_1173_1199,0.18201806916927812
2017_1173_1211,0.17220704377605828
2017_1173_1233,0.8374770910017235
2017_1173_1235,0.20377090054340144
2017_1173_1240,0.9026108158596867
2017_1173_1242,0.14707565618007457
2017_1173_1243,0.41381588296835425
2017_1173_1245,0.8752385258401271
2017_1173_1246,0.14041419911958347
2017_1173_1257,0.19409826752236586
2017_1173_1266,0.41736025197831905
2017_1173_1268,0.3429748602452862
2017_1173_1274,0.3408151141989879
2017_1173_1276,0.25804146485623186
2017_1173_1277,0.46347309390295366
2017_1173_1278,0.3426131975079615
2017_1173_1291,0.9396999659331827
2017_1173_1292,0.5268737416463362
2017_1173_1297,0.8821620056552102
2017_1173_1300,0.925380249787352
2017_1173_1305,0.5582540816938885
2017_1173_1308,0.7625344847392558
2017_1173_1309,0.9321041477902257
2017_1173_1314,0.14336852333098077
2017_1173_1315,0.9285036614614921
2017_1173_1321,0.34751043363608547
2017_1173_1323,0.18131318185584405
2017_1173_1329,0.3259541741275452
2017_1173_1332,0.17102719014963713
2017_1173_1343,0.6493043132617917
2017_1173_1344,0.46504609576437345
2017_1173_1345,0.2140972937318214
2017_1173_1348,0.5493385414174493
2017_1173_1355,0.921623711426659
2017_1173_1371,0.4161214080110904
2017_1173_1374,0.16402667567783796
2017_1173_1376,0.4196847485220401
2017_1173_1388,0.21656463589804126
2017_1173_1407,0.8947269584605477
2017_1173_1411,0.9433086351849282
2017_1173_1413,0.9243168614911071
2017_1173_1417,0.21445477523509643
2017_1173_1423,0.6257208356565748
2017_1173_1425,0.5235089429669437
2017_1173_1433,0.46768721939970986
2017_1173_1435,0.4582217870838679
2017_1173_1436,0.6920423147879192
2017_1173_1437,0.13444082204650704
2017_1173_1438,0.2663532884823776
2017_1173_1439,0.3237953674506056
2017_1173_1448,0.4250852016050941
2017_1173_1452,0.2202647146868154
2017_1173_1455,0.25359363603349394
2017_1173_1457,0.8063932142357115
2017_1173_1458,0.22718608723506314
2017_1173_1462,0.335316351825438
2017_1181_1190,0.9017617425404054
2017_1181_1195,0.9549692075300753
2017_1181_1196,0.6369602243506045
2017_1181_1199,0.5808504184396902
2017_1181_1211,0.3522232482789482
2017_1181_1233,0.948100558802037
2017_1181_1235,0.6122578296941944
2017_1181_1240,0.9660749822436786
2017_1181_1242,0.4812511120434642
2017_1181_1243,0.781432090276981
2017_1181_1245,0.9528266431327891
2017_1181_1246,0.5366148954550645
2017_1181_1257,0.5606017178741673
2017_1181_1266,0.7875107992811263
2017_1181_1268,0.772027572824437
2017_1181_1274,0.7268478923529791
2017_1181_1276,0.6992150677093077
2017_1181_1277,0.7934783164963065
2017_1181_1278,0.7324343347966105
2017_1181_1291,0.9709534855869788
2017_1181_1292,0.851453900433351
2017_1181_1297,0.9615803733086292
2017_1181_1300,0.9644863682807941
2017_1181_1305,0.8833553499140151
2017_1181_1308,0.9284513089699926
2017_1181_1309,0.9698028019246347
2017_1181_1314,0.46383336128157576
2017_1181_1315,0.9697438081010449
2017_1181_1321,0.7647143837566731
2017_1181_1323,0.6410026417751757
2017_1181_1329,0.7144474439892919
2017_1181_1332,0.5721350315093782
2017_1181_1343,0.9058253778848123
2017_1181_1344,0.8247449343141683
2017_1181_1345,0.6281174742221489
2017_1181_1348,0.8280925312289116
2017_1181_1355,0.9697001101959928
2017_1181_1371,0.7918782736642963
2017_1181_1374,0.5965658457646021
2017_1181_1376,0.7450312546573393
2017_1181_1388,0.6554311490609627
2017_1181_1407,0.9594334290784635
2017_1181_1411,0.9734994575291468
2017_1181_1413,0.9673243838655564
2017_1181_1417,0.6526040694923188
2017_1181_1423,0.9105715529256427
2017_1181_1425,0.8661607399132739
2017_1181_1433,0.8063751011152429
2017_1181_1435,0.7983186271605716
2017_1181_1436,0.9202961710496189
2017_1181_1437,0.3468606889445381
2017_1181_1438,0.6374076555265954
2017_1181_1439,0.7661604261677294
2017_1181_1448,0.7936691374006357
2017_1181_1452,0.5706627647539249
2017_1181_1455,0.6715642161276221
2017_1181_1457,0.936210146725025
2017_1181_1458,0.6386366849815321
2017_1181_1462,0.7734038968768149
2017_1190_1195,0.7536280088105805
2017_1190_1196,0.1291148830264467
2017_1190_1199,0.08962645276389175
2017_1190_1211,0.10060028447663065
2017_1190_1233,0.7348866609776086
2017_1190_1235,0.10947758448222973
2017_1190_1240,0.8596638692372824
2017_1190_1242,0.0718266487677388
2017_1190_1243,0.21224397842660464
2017_1190_1245,0.815636085186422
2017_1190_1246,0.0688390941466254
2017_1190_1257,0.08748200103514484
2017_1190_1266,0.23003581737046977
2017_1190_1268,0.17433174351596284
2017_1190_1274,0.16125181332534264
2017_1190_1276,0.14707884644986519
2017_1190_1277,0.22783825620172038
2017_1190_1278,0.163513372688646
2017_1190_1291,0.9053976423819272
2017_1190_1292,0.3351303407368873
2017_1190_1297,0.8289671949538553
2017_1190_1300,0.8970261692241839
2017_1190_1305,0.32519938015151784
2017_1190_1308,0.63974917493435
2017_1190_1309,0.90421207161114
2017_1190_1314,0.07150491694883845
2017_1190_1315,0.8950893350038641
2017_1190_1321,0.17905377803440636
2017_1190_1323,0.10245814520098727
2017_1190_1329,0.17080742220072126
2017_1190_1332,0.07908988906226821
2017_1190_1343,0.4148144061598457
2017_1190_1344,0.23642783408099963
2017_1190_1345,0.1035098112600907
2017_1190_1348,0.30200091601922957
2017_1190_1355,0.854161344462355
2017_1190_1371,0.18883698489495987
2017_1190_1374,0.10423550260377215
2017_1190_1376,0.19529485476158165
2017_1190_1388,0.12537550198059808
2017_1190_1407,0.8135855065887069
2017_1190_1411,0.9087594172745456
2017_1190_1413,0.8998617310058545
2017_1190_1417,0.12699601913307965
2017_1190_1423,0.3835045283723569
2017_1190_1425,0.28462754132002666
2017_1190_1433,0.2498129309880434
2017_1190_1435,0.25869414772874494
2017_1190_1436,0.4758220714635319
2017_1190_1437,0.06567606462449567
2017_1190_1438,0.12831725706278813
2017_1190_1439,0.17355718234582074
2017_1190_1448,0.22748742596032062
2017_1190_1452,0.11718182159450358
2017_1190_1455,0.13371764529712749
2017_1190_1457,0.7546516846541
2017_1190_1458,0.11007357763426173
2017_1190_1462,0.172786316071483
2017_1195_1196,0.10968776811579739
2017_1195_1199,0.07349961532535806
2017_1195_1211,0.07869834420840896
2017_1195_1233,0.5364346364843442
2017_1195_1235,0.08228842831865446
2017_1195_1240,0.6704713071627345
2017_1195_1242,0.05269454253549213
2017_1195_1243,0.13472411212570895
2017_1195_1245,0.5813614980709038
2017_1195_1246,0.05748031159981599
2017_1195_1257,0.07447463983706244
2017_1195_1266,0.13962442116193285
2017_1195_1268,0.10348939321152867
2017_1195_1274,0.1051877625075546
2017_1195_1276,0.12203596719159861
2017_1195_1277,0.15254075406123255
2017_1195_1278,0.10676310958138951
2017_1195_1291,0.7468758372259873
2017_1195_1292,0.18542264420075913
2017_1195_1297,0.6269006165032281
2017_1195_1300,0.7654910635134777
2017_1195_1305,0.16164586873426393
2017_1195_1308,0.39946038918014454
2017_1195_1309,0.7402534026566742
2017_1195_1314,0.05880908198305762
2017_1195_1315,0.7233717920444707
2017_1195_1321,0.11625217013844234
2017_1195_1323,0.06595868005299306
2017_1195_1329,0.12198438399435037
2017_1195_1332,0.0628147613965884
2017_1195_1343,0.23424575057930508
2017_1195_1344,0.17753962933149403
2017_1195_1345,0.08636151737827212
2017_1195_1348,0.18223668019027642
2017_1195_1355,0.7291115430737151
2017_1195_1371,0.1315668472367184
2017_1195_1374,0.06377928931372467
2017_1195_1376,0.15635385933747487
2017_1195_1388,0.08700170154556862
2017_1195_1407,0.6995922223620864
2017_1195_1411,0.758627902854417
2017_1195_1413,0.7365819131461528
2017_1195_1417,0.08777885968419268
2017_1195_1423,0.20439820087531266
2017_1195_1425,0.1555208188539066
2017_1195_1433,0.15208134178468566
2017_1195_1435,0.15831600537088353
2017_1195_1436,0.2504727937265172
2017_1195_1437,0.05455814677298265
2017_1195_1438,0.11353376535368705
2017_1195_1439,0.09523533973508502
2017_1195_1448,0.13882463820432686
2017_1195_1452,0.10425967747481579
2017_1195_1455,0.10133342890811753
2017_1195_1457,0.5488948158554946
2017_1195_1458,0.08799896697329634
2017_1195_1462,0.10470250334109885
2017_1196_1199,0.4317867266879914
2017_1196_1211,0.18869465129633725
2017_1196_1233,0.9195040850683617
2017_1196_1235,0.4752651021112863
2017_1196_1240,0.9432461483043927
2017_1196_1242,0.3300607907136295
2017_1196_1243,0.6680688673782599
2017_1196_1245,0.9248240098330929
2017_1196_1246,0.38907581590794016
2017_1196_1257,0.4431652083248467
2017_1196_1266,0.6489390044612265
2017_1196_1268,0.6993213980087496
2017_1196_1274,0.6157851691037546
2017_1196_1276,0.4563990377234651
2017_1196_1277,0.7463885753698419
2017_1196_1278,0.6375306071533906
2017_1196_1291,0.9543708092825337
2017_1196_1292,0.7447816172619969
2017_1196_1297,0.9382919875313778
2017_1196_1300,0.9458905090068397
2017_1196_1305,0.8353890989080703
2017_1196_1308,0.8905063004734719
2017_1196_1309,0.9396737741294677
2017_1196_1314,0.31091091482814853
2017_1196_1315,0.9526445718661971
2017_1196_1321,0.6565151479978281
2017_1196_1323,0.468939372594367
2017_1196_1329,0.5669972232446041
2017_1196_1332,0.4215008471807674
2017_1196_1343,0.8650375963800451
2017_1196_1344,0.7814359419736208
2017_1196_1345,0.4995419281167496
2017_1196_1348,0.7695636881106971
2017_1196_1355,0.9559102620929412
2017_1196_1371,0.7370600953988221
2017_1196_1374,0.4064277042807359
2017_1196_1376,0.7101378223885337
2017_1196_1388,0.48229677934102577
2017_1196_1407,0.9382588990273524
2017_1196_1411,0.9574950592407687
2017_1196_1413,0.9462288716989594
2017_1196_1417,0.43707147986066386
2017_1196_1423,0.8677888638054566
2017_1196_1425,0.8243621295947122
2017_1196_1433,0.7694424462244597
2017_1196_1435,0.6527121810694715
2017_1196_1436,0.8873640917130914
2017_1196_1437,0.18338103032689387
2017_1196_1438,0.5097312659340594
2017_1196_1439,0.6549349879489629
2017_1196_1448,0.6534946055664623
2017_1196_1452,0.42961849530584234
2017_1196_1455,0.542739248391026
2017_1196_1457,0.9017410745201442
2017_1196_1458,0.5079894151590542
2017_1196_1462,0.6635941662217795
2017_1199_1211,0.2550856410992346
2017_1199_1233,0.9405973209928563
2017_1199_1235,0.5854115864007474
2017_1199_1240,0.9632567790312855
2017_1199_1242,0.43735693994251423
2017_1199_1243,0.7551468770676673
2017_1199_1245,0.9503867559730976
2017_1199_1246,0.46013093066222255
2017_1199_1257,0.5183271369247118
2017_1199_1266,0.7510029110654597
2017_1199_1268,0.7540894761643517
2017_1199_1274,0.7155797732792796
2017_1199_1276,0.6415082918976543
2017_1199_1277,0.7900660855630914
2017_1199_1278,0.7152927833670791
2017_1199_1291,0.9687303944292438
2017_1199_1292,0.8402745044599786
2017_1199_1297,0.9578643923980563
2017_1199_1300,0.9615541024397882
2017_1199_1305,0.8727330779098941
2017_1199_1308,0.9195625852442377
2017_1199_1309,0.9673945733234312
2017_1199_1314,0.4030005267761095
2017_1199_1315,0.9683560148866707
2017_1199_1321,0.748931962058359
2017_1199_1323,0.5751539020707924
2017_1199_1329,0.669100020657748
2017_1199_1332,0.49600748159348107
2017_1199_1343,0.8982489152199485
2017_1199_1344,0.8164957064352659
2017_1199_1345,0.5702061976520166
2017_1199_1348,0.8251261672061923
2017_1199_1355,0.9671728190275792
2017_1199_1371,0.775047013856806
2017_1199_1374,0.5357184598558712
2017_1199_1376,0.7410797614532769
2017_1199_1388,0.590538382625612
2017_1199_1407,0.9567613192047524
2017_1199_1411,0.9709014153186079
2017_1199_1413,0.9648335972457347
2017_1199_1417,0.6016096949849898
2017_1199_1423,0.8901464483451861
2017_1199_1425,0.8578941604951776
2017_1199_1433,0.7926293880406006
2017_1199_1435,0.781845401994768
2017_1199_1436,0.9127054854644097
2017_1199_1437,0.2929859404966244
2017_1199_1438,0.6071392416261621
2017_1199_1439,0.7287105806418597
2017_1199_1448,0.7578940329559487
2017_1199_1452,0.5149969360519593
2017_1199_1455,0.6300172173174747
2017_1199_1457,0.9271200217263228
2017_1199_1458,0.6155288004244852
2017_1199_1462,0.7580199083062608
2017_1211_1233,0.9351529462933963
2017_1211_1235,0.7305374910045267
2017_1211_1240,0.9569689813925945
2017_1211_1242,0.6128199578802447
2017_1211_1243,0.7915046785697696
2017_1211_1245,0.9459064960216977
2017_1211_1246,0.6857209513737778
2017_1211_1257,0.7062150404137638
2017_1211_1266,0.8216729730179331
2017_1211_1268,0.7620966251831419
2017_1211_1274,0.7671827681899588
2017_1211_1276,0.74727607936101
2017_1211_1277,0.7989397484368136
2017_1211_1278,0.7771822657083178
2017_1211_1291,0.96253648426772
2017_1211_1292,0.7940041127541043
2017_1211_1297,0.9540643522595414
2017_1211_1300,0.9537747839118266
2017_1211_1305,0.84681233129841
2017_1211_1308,0.917346040547824
2017_1211_1309,0.9539130437345731
2017_1211_1314,0.6158453831018688
2017_1211_1315,0.9645502950644191
2017_1211_1321,0.7590495081365285
2017_1211_1323,0.7567066072869408
2017_1211_1329,0.7914726993720824
2017_1211_1332,0.6720173362725922
2017_1211_1343,0.8835886905385913
2017_1211_1344,0.827973179674875
2017_1211_1345,0.7518595048842498
2017_1211_1348,0.7977526388860285
2017_1211_1355,0.9546918722914189
2017_1211_1371,0.7965579272434516
2017_1211_1374,0.6866143627080253
2017_1211_1376,0.8076248667064543
2017_1211_1388,0.7377019909197403
2017_1211_1407,0.9423872455794613
2017_1211_1411,0.9656074857878603
2017_1211_1413,0.9575262673811944
2017_1211_1417,0.7098415898732565
2017_1211_1423,0.9067201501407995
2017_1211_1425,0.8380259319676985
2017_1211_1433,0.7829496385617234
2017_1211_1435,0.7856529588296428
2017_1211_1436,0.895201242493284
2017_1211_1437,0.46614917155319857
2017_1211_1438,0.6830453599842506
2017_1211_1439,0.7923645697092588
2017_1211_1448,0.8283793845456028
2017_1211_1452,0.6452902977083296
2017_1211_1455,0.7535558354843128
2017_1211_1457,0.9262430018446748
2017_1211_1458,0.7089771712147943
2017_1211_1462,0.7640468845895154
2017_1233_1235,0.08177049871998172
2017_1233_1240,0.6479516714343813
2017_1233_1242,0.04906490802727048
2017_1233_1243,0.15377322927918674
2017_1233_1245,0.5830628153057742
2017_1233_1246,0.05439102359926202
2017_1233_1257,0.07190580666331474
2017_1233_1266,0.15944263803602146
2017_1233_1268,0.09935866483242316
2017_1233_1274,0.10875644402476578
2017_1233_1276,0.11449289529779715
2017_1233_1277,0.16017841705708175
2017_1233_1278,0.1103786447124433
2017_1233_1291,0.7104380839384125
2017_1233_1292,0.18786370723907503
2017_1233_1297,0.5829257676759422
2017_1233_1300,0.7555300854673793
2017_1233_1305,0.1558129000377634
2017_1233_1308,0.38472949161980236
2017_1233_1309,0.7108490459714651
2017_1233_1314,0.056531306831263464
2017_1233_1315,0.7031909084294797
2017_1233_1321,0.12837179847050428
2017_1233_1323,0.06652287175804153
2017_1233_1329,0.12069763892887028
2017_1233_1332,0.05869006620546872
2017_1233_1343,0.2346558248477393
2017_1233_1344,0.18323848581480556
2017_1233_1345,0.08237086262115208
2017_1233_1348,0.20066552778521435
2017_1233_1355,0.692244373861082
2017_1233_1371,0.1264735213518756
2017_1233_1374,0.07261611705556227
2017_1233_1376,0.16415817983670922
2017_1233_1388,0.07875527064823683
2017_1233_1407,0.6940790766430437
2017_1233_1411,0.7341212003056768
2017_1233_1413,0.6963499374639793
2017_1233_1417,0.07950162397283042
2017_1233_1423,0.19304430726618113
2017_1233_1425,0.15219539857931802
2017_1233_1433,0.1532427662009369
2017_1233_1435,0.18205217874625762
2017_1233_1436,0.23819344941208323
2017_1233_1437,0.052435844736781964
2017_1233_1438,0.10537115861032281
2017_1233_1439,0.09305692582865065
2017_1233_1448,0.14909013834079857
2017_1233_1452,0.0995320709366154
2017_1233_1455,0.09338832267360335
2017_1233_1457,0.5648843740352573
2017_1233_1458,0.0839395993673215
2017_1233_1462,0.11768369341459424
2017_1235_1240,0.9446258335515484
2017_1235_1242,0.32566428863891334
2017_1235_1243,0.7177379540108518
2017_1235_1245,0.9227864468437403
2017_1235_1246,0.4001207612465205
2017_1235_1257,0.47488807147028583
2017_1235_1266,0.7329402107561569
2017_1235_1268,0.6512764156078966
2017_1235_1274,0.6022715389167896
2017_1235_1276,0.5638171918118872
2017_1235_1277,0.7464989148568145
2017_1235_1278,0.6281304375350367
2017_1235_1291,0.9564942807229976
2017_1235_1292,0.770668940194963
2017_1235_1297,0.9382505619594064
2017_1235_1300,0.9553554593630238
2017_1235_1305,0.8154196764692809
2017_1235_1308,0.8784789598776869
2017_1235_1309,0.9510232318180227
2017_1235_1314,0.32041918778717604
2017_1235_1315,0.9509294062323873
2017_1235_1321,0.6615468057369217
2017_1235_1323,0.4564828783905295
2017_1235_1329,0.6207108651870195
2017_1235_1332,0.43281414821129033
2017_1235_1343,0.8481901693337771
2017_1235_1344,0.7389125985039318
2017_1235_1345,0.5653331560963111
2017_1235_1348,0.800432025001905
2017_1235_1355,0.9546478062350588
2017_1235_1371,0.6895975228412614
2017_1235_1374,0.45765923059742203
2017_1235_1376,0.6664480675237997
2017_1235_1388,0.5140837752774435
2017_1235_1407,0.9465607024898511
2017_1235_1411,0.9602557467445182
2017_1235_1413,0.9466215251258657
2017_1235_1417,0.44960290153351873
2017_1235_1423,0.855901280419133
2017_1235_1425,0.7862975099336789
2017_1235_1433,0.7198710890506668
2017_1235_1435,0.7430809850542913
2017_1235_1436,0.8642722645682245
2017_1235_1437,0.25389431642295957
2017_1235_1438,0.5465461680622197
2017_1235_1439,0.6506904927093436
2017_1235_1448,0.7312179823922668
2017_1235_1452,0.48595192225325173
2017_1235_1455,0.5959207755109005
2017_1235_1457,0.893491685152006
2017_1235_1458,0.521097263646646
2017_1235_1462,0.6425641726991791
2017_1240_1242,0.03200577649798202
2017_1240_1243,0.07481083461602087
2017_1240_1245,0.4411759072126679
2017_1240_1246,0.036005297969258616
2017_1240_1257,0.042798670960577226
2017_1240_1266,0.07839962319737502
2017_1240_1268,0.056870222365748534
2017_1240_1274,0.059504029784331405
2017_1240_1276,0.06791484804733827
2017_1240_1277,0.08584212040664135
2017_1240_1278,0.06044140751009026
2017_1240_1291,0.5910828387905672
2017_1240_1292,0.11972902085527518
2017_1240_1297,0.4320259028442614
2017_1240_1300,0.6064799732681024
2017_1240_1305,0.08468061158455067
2017_1240_1308,0.2061365029144324
2017_1240_1309,0.5899129246409565
2017_1240_1314,0.03685704427781794
2017_1240_1315,0.5699205621532955
2017_1240_1321,0.0661181623878173
2017_1240_1323,0.04127563665486504
2017_1240_1329,0.06372439496817045
2017_1240_1332,0.03925878429162602
2017_1240_1343,0.12712703376737558
2017_1240_1344,0.09394379941768115
2017_1240_1345,0.049687842278938854
2017_1240_1348,0.09909822967802481
2017_1240_1355,0.5556490058090588
2017_1240_1371,0.06596631042541155
2017_1240_1374,0.04452247762087321
2017_1240_1376,0.09241772623701396
2017_1240_1388,0.05666900926137682
2017_1240_1407,0.5120706375848963
2017_1240_1411,0.6055765511073145
2017_1240_1413,0.5769265408952059
2017_1240_1417,0.051163118513246404
2017_1240_1423,0.10535268999536687
2017_1240_1425,0.07000048176206781
2017_1240_1433,0.08687844448782789
2017_1240_1435,0.0893584036450213
2017_1240_1436,0.13376176650111024
2017_1240_1437,0.034135333047663974
2017_1240_1438,0.0626304927083083
2017_1240_1439,0.05414750998307522
2017_1240_1448,0.07222999031576266
2017_1240_1452,0.060488697536694544
2017_1240_1455,0.06189470443041618
2017_1240_1457,0.3792290674350816
2017_1240_1458,0.05034640370181487
2017_1240_1462,0.0582094963674027
2017_1242_1243,0.8019185791204356
2017_1242_1245,0.9618947023223792
2017_1242_1246,0.5550343148378563
2017_1242_1257,0.5737756593293954
2017_1242_1266,0.7788104313312044
2017_1242_1268,0.8010059336043385
2017_1242_1274,0.7822007967941869
2017_1242_1276,0.6850868457245645
2017_1242_1277,0.8384636563850334
2017_1242_1278,0.7869869422277878
2017_1242_1291,0.9753207876242442
2017_1242_1292,0.886278305846887
2017_1242_1297,0.9674388866570244
2017_1242_1300,0.9691103816145094
2017_1242_1305,0.8985535609510151
2017_1242_1308,0.9390413379068224
2017_1242_1309,0.9752318580930274
2017_1242_1314,0.454018171483596
2017_1242_1315,0.9763190112525473
2017_1242_1321,0.8099651904962267
2017_1242_1323,0.6773523120005088
2017_1242_1329,0.7245027337182257
2017_1242_1332,0.6197628813493704
2017_1242_1343,0.9293921781276995
2017_1242_1344,0.8613300060556415
2017_1242_1345,0.6620948441186235
2017_1242_1348,0.8650535078215187
2017_1242_1355,0.9761343791434872
2017_1242_1371,0.826786690239424
2017_1242_1374,0.600722008490909
2017_1242_1376,0.7990440229212673
2017_1242_1388,0.6941181525951187
2017_1242_1407,0.9638644083015815
2017_1242_1411,0.9776884843107034
2017_1242_1413,0.9714322213831523
2017_1242_1417,0.6634212769098818
2017_1242_1423,0.9201093399127553
2017_1242_1425,0.8829268411477836
2017_1242_1433,0.8517115900975691
2017_1242_1435,0.8286979376011705
2017_1242_1436,0.9371551933872541
2017_1242_1437,0.3379605355391702
2017_1242_1438,0.6769009390017803
2017_1242_1439,0.7795414882232452
2017_1242_1448,0.7899767227595899
2017_1242_1452,0.5574248581122463
2017_1242_1455,0.7084881353634503
2017_1242_1457,0.9496947698454696
2017_1242_1458,0.6888435765449131
2017_1242_1462,0.8138720602825164
2017_1243_1245,0.8999182217724735
2017_1243_1246,0.23878119198246958
2017_1243_1257,0.2799131393209871
2017_1243_1266,0.5361113364925627
2017_1243_1268,0.46716684357707755
2017_1243_1274,0.4001422918597166
2017_1243_1276,0.35948441402559433
2017_1243_1277,0.5217736141367689
2017_1243_1278,0.4266318707552683
2017_1243_1291,0.9552525150822764
2017_1243_1292,0.6075113732957069
2017_1243_1297,0.9105742573987606
2017_1243_1300,0.9399254615147367
2017_1243_1305,0.6646877581161784
2017_1243_1308,0.8065060030589023
2017_1243_1309,0.9469897431087175
2017_1243_1314,0.21307563853135839
2017_1243_1315,0.9433307653043581
2017_1243_1321,0.4374208800855696
2017_1243_1323,0.2731801485805896
2017_1243_1329,0.41073748687341566
2017_1243_1332,0.26456346730959585
2017_1243_1343,0.7201583728050669
2017_1243_1344,0.5519593765029122
2017_1243_1345,0.32220450223676683
2017_1243_1348,0.6053256067250274
2017_1243_1355,0.9419481235165607
2017_1243_1371,0.4916269032807925
2017_1243_1374,0.30806166168508087
2017_1243_1376,0.4752514759734296
2017_1243_1388,0.33277639554078503
2017_1243_1407,0.9099382185457819
2017_1243_1411,0.9576791113903221
2017_1243_1413,0.9451141355225428
2017_1243_1417,0.3138768415972992
2017_1243_1423,0.7305324937578787
2017_1243_1425,0.613691409062836
2017_1243_1433,0.5420487836405508
2017_1243_1435,0.5110601591900027
2017_1243_1436,0.7597967291940442
2017_1243_1437,0.1659115920923294
2017_1243_1438,0.3465678366961261
2017_1243_1439,0.4457595369616333
2017_1243_1448,0.5381628967401465
2017_1243_1452,0.2792296034360878
2017_1243_1455,0.398415144867553
2017_1243_1457,0.8399476947072486
2017_1243_1458,0.3195555602888722
2017_1243_1462,0.42426474305753814
2017_1245_1246,0.04245942030926179
2017_1245_1257,0.05040686265099537
2017_1245_1266,0.101301010045977
2017_1245_1268,0.07083092962114439
2017_1245_1274,0.06677188503151639
2017_1245_1276,0.07896834950949283
2017_1245_1277,0.1078916205959973
2017_1245_1278,0.06781549903324052
2017_1245_1291,0.6325476495121668
2017_1245_1292,0.14979714203444894
2017_1245_1297,0.4820242985275398
2017_1245_1300,0.6563045444348945
2017_1245_1305,0.10012084536377448
2017_1245_1308,0.25011720627941325
2017_1245_1309,0.6419428085492137
2017_1245_1314,0.044152117861209476
2017_1245_1315,0.6193174876003298
2017_1245_1321,0.0810323696285962
2017_1245_1323,0.05312662368410618
2017_1245_1329,0.08648751468166982
2017_1245_1332,0.04417000642590147
2017_1245_1343,0.15233518403657756
2017_1245_1344,0.11436595628088171
2017_1245_1345,0.055827912968883314
2017_1245_1348,0.12049188198302697
2017_1245_1355,0.600990884829108
2017_1245_1371,0.07753307878357972
2017_1245_1374,0.05485148447226594
2017_1245_1376,0.10326428128311184
2017_1245_1388,0.05958526665141964
2017_1245_1407,0.56963333639025
2017_1245_1411,0.6595484976577412
2017_1245_1413,0.6073729414923906
2017_1245_1417,0.058824480142181716
2017_1245_1423,0.13183137713735038
2017_1245_1425,0.08847012537437898
2017_1245_1433,0.1045247569663408
2017_1245_1435,0.11994304154349819
2017_1245_1436,0.1559988245146375
2017_1245_1437,0.04091458572119382
2017_1245_1438,0.0704283004184537
2017_1245_1439,0.06874352743375708
2017_1245_1448,0.09771431890999159
2017_1245_1452,0.0678681418711273
2017_1245_1455,0.06506133515906297
2017_1245_1457,0.46152110199292323
2017_1245_1458,0.05656301094061343
2017_1245_1462,0.0794019737073661
2017_1246_1257,0.5971579672538894
2017_1246_1266,0.7655530238055068
2017_1246_1268,0.8125392228978351
2017_1246_1274,0.7634406380935065
2017_1246_1276,0.6323094119122936
2017_1246_1277,0.8305809804140163
2017_1246_1278,0.7756520234030114
2017_1246_1291,0.975095306279747
2017_1246_1292,0.8568290359222716
2017_1246_1297,0.9668482324377377
2017_1246_1300,0.9661617496450445
2017_1246_1305,0.9051029913592662
2017_1246_1308,0.9379685855511566
2017_1246_1309,0.9677848162467309
2017_1246_1314,0.477993239023601
2017_1246_1315,0.9748730546111106
2017_1246_1321,0.7940232623644086
2017_1246_1323,0.6693107414498058
2017_1246_1329,0.7141042242592364
2017_1246_1332,0.6111100456498748
2017_1246_1343,0.9217834080444148
2017_1246_1344,0.8480617176404263
2017_1246_1345,0.6538673235430008
2017_1246_1348,0.852080308921082
2017_1246_1355,0.974608376332733
2017_1246_1371,0.8267199398206987
2017_1246_1374,0.5820911963795448
2017_1246_1376,0.8037715137692475
2017_1246_1388,0.6767056411887182
2017_1246_1407,0.9613376309831417
2017_1246_1411,0.978006459273345
2017_1246_1413,0.9709118276949646
2017_1246_1417,0.6243896897512746
2017_1246_1423,0.9198585191923686
2017_1246_1425,0.8883421663512283
2017_1246_1433,0.8431343171130365
2017_1246_1435,0.7844520842810077
2017_1246_1436,0.9339808197024194
2017_1246_1437,0.31306554469111897
2017_1246_1438,0.6594609855438629
2017_1246_1439,0.7820599054628903
2017_1246_1448,0.7787967934980974
2017_1246_1452,0.5873206129996097
2017_1246_1455,0.70087989262124
2017_1246_1457,0.9462426903120066
2017_1246_1458,0.6805646213100721
2017_1246_1462,0.8164899886520554
2017_1257_1266,0.7418406647379507
2017_1257_1268,0.7587987088244995
2017_1257_1274,0.7189758023602689
2017_1257_1276,0.5661919066325433
2017_1257_1277,0.811494005504873
2017_1257_1278,0.7373717953101963
2017_1257_1291,0.9676248258989999
2017_1257_1292,0.8206313136489383
2017_1257_1297,0.9540034562363875
2017_1257_1300,0.9595521758285629
2017_1257_1305,0.8737760858275272
2017_1257_1308,0.9173122757802274
2017_1257_1309,0.9547130525334265
2017_1257_1314,0.4049347806631006
2017_1257_1315,0.9645721555231976
2017_1257_1321,0.7531518282668556
2017_1257_1323,0.5810333862956082
2017_1257_1329,0.6546619864707363
2017_1257_1332,0.5523973705299686
2017_1257_1343,0.9000931579846981
2017_1257_1344,0.823823787295788
2017_1257_1345,0.6289827568761833
2017_1257_1348,0.8424073712543848
2017_1257_1355,0.9672923132106025
2017_1257_1371,0.7856938885953714
2017_1257_1374,0.5224212194690054
2017_1257_1376,0.7866022520784188
2017_1257_1388,0.6290632076340518
2017_1257_1407,0.9540972330588775
2017_1257_1411,0.971383589187848
2017_1257_1413,0.959055211557206
2017_1257_1417,0.5462207552912756
2017_1257_1423,0.8983681461389031
2017_1257_1425,0.8562607153825652
2017_1257_1433,0.8136014575244584
2017_1257_1435,0.7505192409128482
2017_1257_1436,0.9112521757038607
2017_1257_1437,0.2529977984636641
2017_1257_1438,0.6078151267209191
2017_1257_1439,0.7403240542081839
2017_1257_1448,0.7456632012977645
2017_1257_1452,0.5466125715990923
2017_1257_1455,0.6714276389220107
2017_1257_1457,0.9260250636579238
2017_1257_1458,0.6298086007632632
2017_1257_1462,0.7534343093068104
2017_1266_1268,0.42850606973127126
2017_1266_1274,0.45013564672218304
2017_1266_1276,0.38019463971746825
2017_1266_1277,0.5894459628692987
2017_1266_1278,0.4773014024677567
2017_1266_1291,0.9194354312651061
2017_1266_1292,0.5885432934659433
2017_1266_1297,0.8963273243224656
2017_1266_1300,0.9191880327608997
2017_1266_1305,0.5850035790416235
2017_1266_1308,0.7512366315678057
2017_1266_1309,0.9195258040612302
2017_1266_1314,0.21492570893133844
2017_1266_1315,0.8998235710456232
2017_1266_1321,0.4845755291524878
2017_1266_1323,0.28506921394917295
2017_1266_1329,0.4012874076194531
2017_1266_1332,0.30231280597606297
2017_1266_1343,0.6909202202612681
2017_1266_1344,0.5803296240595416
2017_1266_1345,0.37267870034518225
2017_1266_1348,0.650148455692945
2017_1266_1355,0.9254186122406679
2017_1266_1371,0.48627947991495407
2017_1266_1374,0.3239452289351304
2017_1266_1376,0.5835240020173491
2017_1266_1388,0.35855406902940806
2017_1266_1407,0.9091137951172802
2017_1266_1411,0.9338647097517341
2017_1266_1413,0.9023901212110024
2017_1266_1417,0.3251906701620039
2017_1266_1423,0.6734042367037262
2017_1266_1425,0.5483519241390098
2017_1266_1433,0.5508622908701228
2017_1266_1435,0.5872366813586103
2017_1266_1436,0.6764195738947281
2017_1266_1437,0.19122950754073087
2017_1266_1438,0.3967233770123139
2017_1266_1439,0.39839830752291544
2017_1266_1448,0.5829373493115457
2017_1266_1452,0.35546776950685743
2017_1266_1455,0.39875836639535606
2017_1266_1457,0.8324384400175745
2017_1266_1458,0.3750870895958352
2017_1266_1462,0.4469084251945296
2017_1268_1274,0.44700377254092233
2017_1268_1276,0.39450906918015044
2017_1268_1277,0.5421667490603144
2017_1268_1278,0.449976876699522
2017_1268_1291,0.9612681569324522
2017_1268_1292,0.6271373298159025
2017_1268_1297,0.939805999151814
2017_1268_1300,0.9578196170211083
2017_1268_1305,0.6698724607189668
2017_1268_1308,0.839701959379313
2017_1268_1309,0.9596520950802924
2017_1268_1314,0.15467247429842998
2017_1268_1315,0.9595740972742076
2017_1268_1321,0.44663058137789546
2017_1268_1323,0.2469168553071836
2017_1268_1329,0.40447081461720247
2017_1268_1332,0.22754517546888897
2017_1268_1343,0.7541379830027487
2017_1268_1344,0.6174301585044588
2017_1268_1345,0.2917359261796458
2017_1268_1348,0.6408558238305444
2017_1268_1355,0.9531774521096937
2017_1268_1371,0.5167444333052453
2017_1268_1374,0.23843490816921364
2017_1268_1376,0.5667316558080362
2017_1268_1388,0.299539193865461
2017_1268_1407,0.9430957700085573
2017_1268_1411,0.9627854021178505
2017_1268_1413,0.9564831949771014
2017_1268_1417,0.3397214682913631
2017_1268_1423,0.7269339685656139
2017_1268_1425,0.6252546030986758
2017_1268_1433,0.5654806683851439
2017_1268_1435,0.5410146306636477
2017_1268_1436,0.7763318438166269
2017_1268_1437,0.14574602272585355
2017_1268_1438,0.31862821173567896
2017_1268_1439,0.44323353168109264
2017_1268_1448,0.5675954779605346
2017_1268_1452,0.22539211896494868
2017_1268_1455,0.32830751091223326
2017_1268_1457,0.892114740550812
2017_1268_1458,0.2979268538595075
2017_1268_1462,0.4243776077289344
2017_1274_1276,0.45992807996167057
2017_1274_1277,0.5963352006319486
2017_1274_1278,0.5133911843281986
2017_1274_1291,0.9626162445859799
2017_1274_1292,0.7068101320130488
2017_1274_1297,0.9322111351260378
2017_1274_1300,0.9511705802544654
2017_1274_1305,0.7646347378861014
2017_1274_1308,0.867369326681071
2017_1274_1309,0.9606047628821471
2017_1274_1314,0.260402503050401
2017_1274_1315,0.9591537883291734
2017_1274_1321,0.5307739033331985
2017_1274_1323,0.36155122860041844
2017_1274_1329,0.4941723546225217
2017_1274_1332,0.30879557114828715
2017_1274_1343,0.8018007749768957
2017_1274_1344,0.6418672741982473
2017_1274_1345,0.3499797678026837
2017_1274_1348,0.6648077200568178
2017_1274_1355,0.955670263858033
2017_1274_1371,0.5821114190072787
2017_1274_1374,0.36590398649459827
2017_1274_1376,0.5650211020685727
2017_1274_1388,0.39877218051797597
2017_1274_1407,0.9349235579758629
2017_1274_1411,0.9646382559853924
2017_1274_1413,0.9579905481095558
2017_1274_1417,0.4382993071206123
2017_1274_1423,0.8044838760214353
2017_1274_1425,0.7223451097768098
2017_1274_1433,0.6365723619895409
2017_1274_1435,0.602755973704631
2017_1274_1436,0.8396770300565825
2017_1274_1437,0.20549835873287817
2017_1274_1438,0.4356341831520795
2017_1274_1439,0.5454680366948883
2017_1274_1448,0.6202371452038329
2017_1274_1452,0.33482543667273046
2017_1274_1455,0.44616294245447896
2017_1274_1457,0.8833721698313955
2017_1274_1458,0.4047435987615005
2017_1274_1462,0.5478416893140391
2017_1276_1277,0.6739569691618968
2017_1276_1278,0.5752878597402314
2017_1276_1291,0.9573417189216296
2017_1276_1292,0.7383323561906647
2017_1276_1297,0.9382674301524669
2017_1276_1300,0.9503760315470858
2017_1276_1305,0.7592119088153506
2017_1276_1308,0.8532181120909547
2017_1276_1309,0.9502375429699611
2017_1276_1314,0.29065962711011145
2017_1276_1315,0.9501422911358588
2017_1276_1321,0.6397257299133462
2017_1276_1323,0.41565651220452615
2017_1276_1329,0.5057624929753051
2017_1276_1332,0.39633941455070304
2017_1276_1343,0.8202000859885648
2017_1276_1344,0.7491007354635598
2017_1276_1345,0.5145163663687995
2017_1276_1348,0.7413660487301673
2017_1276_1355,0.9521405034778953
2017_1276_1371,0.6404902459567656
2017_1276_1374,0.4513030031092479
2017_1276_1376,0.6495793747268366
2017_1276_1388,0.47651416481461445
2017_1276_1407,0.9416640483463532
2017_1276_1411,0.9594768517295268
2017_1276_1413,0.9476507473807575
2017_1276_1417,0.4017531840209326
2017_1276_1423,0.8025245009556682
2017_1276_1425,0.7242208253038576
2017_1276_1433,0.6772253519037931
2017_1276_1435,0.6699933439891933
2017_1276_1436,0.8386833931488047
2017_1276_1437,0.2560241622352633
2017_1276_1438,0.4861367240140273
2017_1276_1439,0.5561458906208916
2017_1276_1448,0.6154277198323558
2017_1276_1452,0.4497516481198667
2017_1276_1455,0.5262236290695308
2017_1276_1457,0.8808586790526526
2017_1276_1458,0.5170858257549447
2017_1276_1462,0.5575644074933399
2017_1277_1278,0.3740012718838114
2017_1277_1291,0.9481196711086577
2017_1277_1292,0.5566471378354504
2017_1277_1297,0.8943938487341032
2017_1277_1300,0.9323744699601084
2017_1277_1305,0.6193847660872971
2017_1277_1308,0.7692496399732889
2017_1277_1309,0.9400155617532583
2017_1277_1314,0.1614315582215393
2017_1277_1315,0.9368061706786397
2017_1277_1321,0.37908844139217457
2017_1277_1323,0.2308817017623429
2017_1277_1329,0.3515662146549552
2017_1277_1332,0.20759159924872506
2017_1277_1343,0.6761094980639327
2017_1277_1344,0.5059138348284833
2017_1277_1345,0.2512470390502251
2017_1277_1348,0.5529026879707889
2017_1277_1355,0.9367298917897662
2017_1277_1371,0.4432100805637676
2017_1277_1374,0.19700219449002296
2017_1277_1376,0.44541068648747784
2017_1277_1388,0.27267025235980086
2017_1277_1407,0.906153559481461
2017_1277_1411,0.9520344015183191
2017_1277_1413,0.9347353318910363
2017_1277_1417,0.2410918588216993
2017_1277_1423,0.6826359363797219
2017_1277_1425,0.569363808460835
2017_1277_1433,0.4926814651491074
2017_1277_1435,0.4751431692105956
2017_1277_1436,0.7195574796259047
2017_1277_1437,0.12192751613752022
2017_1277_1438,0.2998302840704069
2017_1277_1439,0.3962244889389867
2017_1277_1448,0.4741903331114949
2017_1277_1452,0.24338297450004198
2017_1277_1455,0.3027495065632079
2017_1277_1457,0.8176818736081359
2017_1277_1458,0.26021684775945425
2017_1277_1462,0.39990159492609395
2017_1278_1291,0.9582797004104714
2017_1278_1292,0.6825845633570489
2017_1278_1297,0.923428063968362
2017_1278_1300,0.9484805722565077
2017_1278_1305,0.7434528646768841
2017_1278_1308,0.8536636860083197
2017_1278_1309,0.9560455396366203
2017_1278_1314,0.24375086390991668
2017_1278_1315,0.9544346085513149
2017_1278_1321,0.5146777811550585
2017_1278_1323,0.3582940066775842
2017_1278_1329,0.4906385221675227
2017_1278_1332,0.29026388604743236
2017_1278_1343,0.7830145151484613
2017_1278_1344,0.615197041422769
2017_1278_1345,0.3301570652476921
2017_1278_1348,0.6502799795853063
2017_1278_1355,0.9497628784223011
2017_1278_1371,0.5540826751480548
2017_1278_1374,0.36262982353202283
2017_1278_1376,0.530669993315929
2017_1278_1388,0.37779209159757826
2017_1278_1407,0.9264641998146224
2017_1278_1411,0.9620439813350342
2017_1278_1413,0.9531435384743812
2017_1278_1417,0.43482156175032805
2017_1278_1423,0.7727618750437525
2017_1278_1425,0.6988562602073686
2017_1278_1433,0.6097475565955645
2017_1278_1435,0.5872087246173097
2017_1278_1436,0.8236914331230029
2017_1278_1437,0.1914487952552649
2017_1278_1438,0.4285033829938081
2017_1278_1439,0.5022056878385691
2017_1278_1448,0.5865478795306537
2017_1278_1452,0.32838460816944287
2017_1278_1455,0.42444974971395977
2017_1278_1457,0.8774284616097844
2017_1278_1458,0.39776206653373647
2017_1278_1462,0.5318146072253329
2017_1291_1292,0.08056812177083605
2017_1291_1297,0.3319065927254819
2017_1291_1300,0.5292068798040888
2017_1291_1305,0.05727119157243389
2017_1291_1308,0.1284858432091622
2017_1291_1309,0.4814694082709249
2017_1291_1314,0.02419606873735823
2017_1291_1315,0.4612398105257743
2017_1291_1321,0.04282254440448034
2017_1291_1323,0.02476265762566226
2017_1291_1329,0.03720008748489372
2017_1291_1332,0.028083002647853253
2017_1291_1343,0.08411085937009521
2017_1291_1344,0.06263783723421604
2017_1291_1345,0.028908244482082988
2017_1291_1348,0.060226078858698885
2017_1291_1355,0.45589883238216505
2017_1291_1371,0.047747189471306024
2017_1291_1374,0.027856907242462165
2017_1291_1376,0.06310526069793701
2017_1291_1388,0.039068505022508984
2017_1291_1407,0.38030290070980816
2017_1291_1411,0.5289306591888264
2017_1291_1413,0.4636461337058936
2017_1291_1417,0.03504540005567438
2017_1291_1423,0.07103858231507341
2017_1291_1425,0.04126007986696498
2017_1291_1433,0.062861082071635
2017_1291_1435,0.04705192634725886
2017_1291_1436,0.07897459472731973
2017_1291_1437,0.025003337241745156
2017_1291_1438,0.03235237290011758
2017_1291_1439,0.03773164381650433
2017_1291_1448,0.04351133401812716
2017_1291_1452,0.03040374976289629
2017_1291_1455,0.03697323967707081
2017_1291_1457,0.293147873814228
2017_1291_1458,0.031682475244851606
2017_1291_1462,0.03634551886696632
2017_1292_1297,0.8797258740662972
2017_1292_1300,0.9133454396647014
2017_1292_1305,0.48074164618387094
2017_1292_1308,0.7343993840757683
2017_1292_1309,0.921404195469618
2017_1292_1314,0.11555820043120685
2017_1292_1315,0.9198548436126373
2017_1292_1321,0.2759990284636954
2017_1292_1323,0.1536280121448839
2017_1292_1329,0.2595289484583182
2017_1292_1332,0.1290298272553798
2017_1292_1343,0.5533431218531519
2017_1292_1344,0.389255312839663
2017_1292_1345,0.16425995551385314
2017_1292_1348,0.4273499961277478
2017_1292_1355,0.8890637975508642
2017_1292_1371,0.3360148645175298
2017_1292_1374,0.13012999091466648
2017_1292_1376,0.3260306229751643
2017_1292_1388,0.17351699965900275
2017_1292_1407,0.874147403341975
2017_1292_1411,0.9304647392809277
2017_1292_1413,0.9217887015155667
2017_1292_1417,0.18533672219103817
2017_1292_1423,0.5311500936185608
2017_1292_1425,0.45886151806693487
2017_1292_1433,0.36717231238357007
2017_1292_1435,0.36652929912091525
2017_1292_1436,0.6133695396820649
2017_1292_1437,0.10655036345403511
2017_1292_1438,0.19412114803455446
2017_1292_1439,0.2710017331585393
2017_1292_1448,0.34602065911047625
2017_1292_1452,0.17844422689936787
2017_1292_1455,0.2009786967649503
2017_1292_1457,0.8081329950296575
2017_1292_1458,0.17287045247017999
2017_1292_1462,0.2665219652779736
2017_1297_1300,0.6818445541364772
2017_1297_1305,0.08842855974858255
2017_1297_1308,0.2684930077003097
2017_1297_1309,0.6525175721404881
2017_1297_1314,0.03080936202432731
2017_1297_1315,0.6301755041446405
2017_1297_1321,0.07610473367709018
2017_1297_1323,0.0374098061583448
2017_1297_1329,0.05779081857906162
2017_1297_1332,0.03603959939233355
2017_1297_1343,0.1579144560455009
2017_1297_1344,0.11590611991944068
2017_1297_1345,0.04486390217437647
2017_1297_1348,0.12169699644272887
2017_1297_1355,0.6022755457479837
2017_1297_1371,0.08239665531312096
2017_1297_1374,0.04547213370325268
2017_1297_1376,0.10297106978875073
2017_1297_1388,0.05300344064492182
2017_1297_1407,0.5666745195226981
2017_1297_1411,0.6873640213252101
2017_1297_1413,0.6448954778068293
2017_1297_1417,0.05160803317065294
2017_1297_1423,0.11169110281615945
2017_1297_1425,0.07217402258202803
2017_1297_1433,0.10732897472409199
2017_1297_1435,0.09251902354183056
2017_1297_1436,0.15929753389820364
2017_1297_1437,0.03183007670773242
2017_1297_1438,0.05176393947058196
2017_1297_1439,0.055858375523300655
2017_1297_1448,0.07161851097885175
2017_1297_1452,0.04997393985760024
2017_1297_1455,0.05672599781156767
2017_1297_1457,0.46968822171551616
2017_1297_1458,0.04546158584119611
2017_1297_1462,0.05384419680327441
2017_1300_1305,0.05325691079892675
2017_1300_1308,0.10459804679586185
2017_1300_1309,0.4147133673999576
2017_1300_1314,0.03418416663177116
2017_1300_1315,0.3677922760782436
2017_1300_1321,0.053703313339251324
2017_1300_1323,0.03472260514281527
2017_1300_1329,0.051756457462183894
2017_1300_1332,0.032841663417483354
2017_1300_1343,0.07733542853162018
2017_1300_1344,0.06790350022167055
2017_1300_1345,0.042085767369154634
2017_1300_1348,0.07221655857731198
2017_1300_1355,0.3724995903858167
2017_1300_1371,0.05264808333696738
2017_1300_1374,0.03441258216432527
2017_1300_1376,0.06882532250128393
2017_1300_1388,0.03723275602272121
2017_1300_1407,0.35076674973513267
2017_1300_1411,0.43605963145313953
2017_1300_1413,0.37698913858168703
2017_1300_1417,0.03473222085019392
2017_1300_1423,0.06769196183958667
2017_1300_1425,0.048688050251229596
2017_1300_1433,0.05986788572346105
2017_1300_1435,0.07549090019151947
2017_1300_1436,0.07734682636479927
2017_1300_1437,0.030679232823385874
2017_1300_1438,0.05031576825466137
2017_1300_1439,0.04274207311296502
2017_1300_1448,0.06586404531836919
2017_1300_1452,0.04669999467171161
2017_1300_1455,0.04233087405141564
2017_1300_1457,0.24242195216077023
2017_1300_1458,0.039148868333706136
2017_1300_1462,0.04864066608797704
2017_1305_1308,0.7806954580196866
2017_1305_1309,0.9402329486223113
2017_1305_1314,0.10623603478260696
2017_1305_1315,0.9374113029440689
2017_1305_1321,0.3164951013084147
2017_1305_1323,0.15769776933371732
2017_1305_1329,0.25649207288819875
2017_1305_1332,0.15158658646999013
2017_1305_1343,0.6326638350244914
2017_1305_1344,0.49418726606220004
2017_1305_1345,0.1938615863843112
2017_1305_1348,0.5075840744467
2017_1305_1355,0.9126663531571294
2017_1305_1371,0.3794786141049179
2017_1305_1374,0.1690598188101414
2017_1305_1376,0.43746474042468736
2017_1305_1388,0.21055850310552549
2017_1305_1407,0.90626664607489
2017_1305_1411,0.9381283543058402
2017_1305_1413,0.9321784585967844
2017_1305_1417,0.23693582960661322
2017_1305_1423,0.5679313758485055
2017_1305_1425,0.4704126295338342
2017_1305_1433,0.43547534089115497
2017_1305_1435,0.4019699414825466
2017_1305_1436,0.6199379619012325
2017_1305_1437,0.1081724336423826
2017_1305_1438,0.21414416643072468
2017_1305_1439,0.2846610879258876
2017_1305_1448,0.37698769452727626
2017_1305_1452,0.16828597887555685
2017_1305_1455,0.23138838530926756
2017_1305_1457,0.8499283151995224
2017_1305_1458,0.20185880950212287
2017_1305_1462,0.27938829599120624
2017_1308_1309,0.8526096475750795
2017_1308_1314,0.061251133255780084
2017_1308_1315,0.8394449988265458
2017_1308_1321,0.14949103831429264
2017_1308_1323,0.07201342914925325
2017_1308_1329,0.12757287452615115
2017_1308_1332,0.07248525210007309
2017_1308_1343,0.3251545298834406
2017_1308_1344,0.2482444067356915
2017_1308_1345,0.10329491278168246
2017_1308_1348,0.26500880761653
2017_1308_1355,0.8050708704609946
2017_1308_1371,0.1824377624610683
2017_1308_1374,0.08137877908011705
2017_1308_1376,0.22159873356166318
2017_1308_1388,0.09465378774872278
2017_1308_1407,0.788550237326242
2017_1308_1411,0.8718979260847572
2017_1308_1413,0.8475057394290778
2017_1308_1417,0.10878042897445603
2017_1308_1423,0.26137747501362335
2017_1308_1425,0.2050282336126986
2017_1308_1433,0.21057826410166242
2017_1308_1435,0.19734078879610176
2017_1308_1436,0.32498596168496746
2017_1308_1437,0.062140223772106984
2017_1308_1438,0.11753584668570419
2017_1308_1439,0.1297323764198998
2017_1308_1448,0.1803248047249063
2017_1308_1452,0.10797466502149278
2017_1308_1455,0.11714084757102224
2017_1308_1457,0.6865688244996079
2017_1308_1458,0.09909621571175177
2017_1308_1462,0.12761100297667896
2017_1309_1314,0.03289243768195808
2017_1309_1315,0.4875384217083399
2017_1309_1321,0.04530763088793711
2017_1309_1323,0.03568378442192066
2017_1309_1329,0.05995664934885858
2017_1309_1332,0.03418175175389911
2017_1309_1343,0.0902602960210966
2017_1309_1344,0.06387684006530009
2017_1309_1345,0.04137682797480099
2017_1309_1348,0.0689435238037151
2017_1309_1355,0.47522559085790345
2017_1309_1371,0.04575123829359669
2017_1309_1374,0.03390826853551651
2017_1309_1376,0.06434076960034914
2017_1309_1388,0.048947877595854145
2017_1309_1407,0.45442488561954675
2017_1309_1411,0.5499848151242136
2017_1309_1413,0.48141889222712053
2017_1309_1417,0.04592600002956864
2017_1309_1423,0.08799052985666873
2017_1309_1425,0.05200109703762628
2017_1309_1433,0.061450847825987906
2017_1309_1435,0.06752821646647539
2017_1309_1436,0.08979968246329982
2017_1309_1437,0.030454235948978833
2017_1309_1438,0.050605256727426697
2017_1309_1439,0.04727854487375391
2017_1309_1448,0.06485620002345965
2017_1309_1452,0.048456760611965785
2017_1309_1455,0.05273149312374127
2017_1309_1457,0.31558954609519574
2017_1309_1458,0.03921519567610341
2017_1309_1462,0.05119653568412432
2017_1314_1315,0.9739248674155769
2017_1314_1321,0.8140598644157646
2017_1314_1323,0.71273028329574
2017_1314_1329,0.7354180832508687
2017_1314_1332,0.6296855528317553
2017_1314_1343,0.921965971273282
2017_1314_1344,0.863743725683587
2017_1314_1345,0.6984008729144602
2017_1314_1348,0.8558875791807952
2017_1314_1355,0.9736504712303516
2017_1314_1371,0.8212064083811887
2017_1314_1374,0.6400371372245628
2017_1314_1376,0.7865011097506639
2017_1314_1388,0.7022655867770756
2017_1314_1407,0.9644346188456124
2017_1314_1411,0.9771737452526469
2017_1314_1413,0.9698187879276507
2017_1314_1417,0.6427017502283243
2017_1314_1423,0.919913453415981
2017_1314_1425,0.8845154738270355
2017_1314_1433,0.8380407501867391
2017_1314_1435,0.8163155844349769
2017_1314_1436,0.9341369474897353
2017_1314_1437,0.3782120529273204
2017_1314_1438,0.6789700318211426
2017_1314_1439,0.7821869296275051
2017_1314_1448,0.7837089959080483
2017_1314_1452,0.6218071159325632
2017_1314_1455,0.7227969354240125
2017_1314_1457,0.944275866977831
2017_1314_1458,0.723475930691732
2017_1314_1462,0.8075555595096411
2017_1315_1321,0.05613759528695986
2017_1315_1323,0.036291683068670526
2017_1315_1329,0.056734718894452967
2017_1315_1332,0.034509595762751796
2017_1315_1343,0.10527561750688752
2017_1315_1344,0.08012330780973578
2017_1315_1345,0.04207617809454225
2017_1315_1348,0.08260660068770821
2017_1315_1355,0.5285874463914859
2017_1315_1371,0.0564584083575095
2017_1315_1374,0.035055752049856205
2017_1315_1376,0.07629209206438606
2017_1315_1388,0.05167145324451698
2017_1315_1407,0.49870625583251077
2017_1315_1411,0.5952529781975788
2017_1315_1413,0.543503515423836
2017_1315_1417,0.045041360314105175
2017_1315_1423,0.08983143560929777
2017_1315_1425,0.05437342303685609
2017_1315_1433,0.07501192110356152
2017_1315_1435,0.07336248614564633
2017_1315_1436,0.11175586100334067
2017_1315_1437,0.029986590512827576
2017_1315_1438,0.050112719845124706
2017_1315_1439,0.04807412128458298
2017_1315_1448,0.06138817294733805
2017_1315_1452,0.049380468077182556
2017_1315_1455,0.05448004847852559
2017_1315_1457,0.35524262423853914
2017_1315_1458,0.04180318531417534
2017_1315_1462,0.04935964772830384
2017_1321_1323,0.3126209731749481
2017_1321_1329,0.4639348869106205
2017_1321_1332,0.26089672245354484
2017_1321_1343,0.7431984336874088
2017_1321_1344,0.5682342113884883
2017_1321_1345,0.31413304940952597
2017_1321_1348,0.61058788066314
2017_1321_1355,0.9470035349657768
2017_1321_1371,0.5195908272293132
2017_1321_1374,0.28368217564343073
2017_1321_1376,0.5066386241636789
2017_1321_1388,0.3379952044692357
2017_1321_1407,0.9258078262728644
2017_1321_1411,0.9595806779030742
2017_1321_1413,0.9530991824192786
2017_1321_1417,0.35036882747104364
2017_1321_1423,0.7600403303951815
2017_1321_1425,0.6652502968486732
2017_1321_1433,0.5520482327536157
2017_1321_1435,0.555394492695437
2017_1321_1436,0.7893312279895195
2017_1321_1437,0.1733208932922257
2017_1321_1438,0.36780806368077984
2017_1321_1439,0.48670790407553216
2017_1321_1448,0.5913031439482479
2017_1321_1452,0.29822640256097876
2017_1321_1455,0.3731309267501167
2017_1321_1457,0.8522463059817666
2017_1321_1458,0.337092543460558
2017_1321_1462,0.49111928305447894
2017_1323_1329,0.5830599797277584
2017_1323_1332,0.45572126616774905
2017_1323_1343,0.869826124931958
2017_1323_1344,0.782036154465835
2017_1323_1345,0.5090838079918973
2017_1323_1348,0.7763875704961737
2017_1323_1355,0.9665134411904072
2017_1323_1371,0.7141255518271202
2017_1323_1374,0.480766700724123
2017_1323_1376,0.6901937456014228
2017_1323_1388,0.5436019249527815
2017_1323_1407,0.9552168690147086
2017_1323_1411,0.9734994575291468
2017_1323_1413,0.9670303670058791
2017_1323_1417,0.507140409326406
2017_1323_1423,0.8657954044885904
2017_1323_1425,0.8071871020535917
2017_1323_1433,0.7431398953891647
2017_1323_1435,0.731283547455122
2017_1323_1436,0.8891516138090548
2017_1323_1437,0.30855889158245436
2017_1323_1438,0.5247209933052952
2017_1323_1439,0.666383686523358
2017_1323_1448,0.6992211965927052
2017_1323_1452,0.4640700973609255
2017_1323_1455,0.5614677041462188
2017_1323_1457,0.9260579136008545
2017_1323_1458,0.5259980006874158
2017_1323_1462,0.674182034520874
2017_1329_1332,0.3244445477274292
2017_1329_1343,0.7615866554508695
2017_1329_1344,0.7050428773573371
2017_1329_1345,0.42456092758528213
2017_1329_1348,0.7064811207864343
2017_1329_1355,0.9291859022009094
2017_1329_1371,0.5945379108623055
2017_1329_1374,0.32118724849869945
2017_1329_1376,0.6555365995049451
2017_1329_1388,0.3627367770161008
2017_1329_1407,0.9267885745386052
2017_1329_1411,0.9350198292856866
2017_1329_1413,0.9068199706297217
2017_1329_1417,0.2971833393569749
2017_1329_1423,0.7275915504364131
2017_1329_1425,0.6483698857321745
2017_1329_1433,0.6393528978381658
2017_1329_1435,0.6620105273082375
2017_1329_1436,0.7491978990982404
2017_1329_1437,0.22301326469787053
2017_1329_1438,0.4369863746367545
2017_1329_1439,0.4789931173272704
2017_1329_1448,0.5681448847311603
2017_1329_1452,0.41060431644446893
2017_1329_1455,0.4461862924458688
2017_1329_1457,0.854073975979586
2017_1329_1458,0.44917899484628704
2017_1329_1462,0.5489666604529037
2017_1332_1343,0.9120248270714044
2017_1332_1344,0.8371042828357416
2017_1332_1345,0.5675480574732029
2017_1332_1348,0.8362306324314254
2017_1332_1355,0.9705704200630422
2017_1332_1371,0.8015742934478249
2017_1332_1374,0.529112250570949
2017_1332_1376,0.7600333698675051
2017_1332_1388,0.6075616689433617
2017_1332_1407,0.958691487511196
2017_1332_1411,0.9739235127134485
2017_1332_1413,0.9662519656502394
2017_1332_1417,0.5948661561943491
2017_1332_1423,0.8959621123125964
2017_1332_1425,0.8681188833646564
2017_1332_1433,0.8175713163659113
2017_1332_1435,0.795015429304458
2017_1332_1436,0.9246882476007194
2017_1332_1437,0.2639724200802039
2017_1332_1438,0.6017009530819307
2017_1332_1439,0.7340605993764218
2017_1332_1448,0.7436566481333956
2017_1332_1452,0.49619757086463884
2017_1332_1455,0.6137192961175865
2017_1332_1457,0.936982626359263
2017_1332_1458,0.6269281884875695
2017_1332_1462,0.7735337487821476
2017_1343_1344,0.31107615590731313
2017_1343_1345,0.1319003546758522
2017_1343_1348,0.344544433500369
2017_1343_1355,0.8620859533437841
2017_1343_1371,0.25630984135304347
2017_1343_1374,0.11741991140125406
2017_1343_1376,0.2541443936035638
2017_1343_1388,0.17095763690400206
2017_1343_1407,0.8506641404592612
2017_1343_1411,0.90703652662699
2017_1343_1413,0.9048603159827787
2017_1343_1417,0.17527863637409688
2017_1343_1423,0.46653389228148434
2017_1343_1425,0.36223252271514034
2017_1343_1433,0.30553772924563904
2017_1343_1435,0.3008735450245695
2017_1343_1436,0.5705589543107572
2017_1343_1437,0.08940114997629314
2017_1343_1438,0.17309028834077536
2017_1343_1439,0.2084662165709185
2017_1343_1448,0.2661891431434907
2017_1343_1452,0.15179073573406193
2017_1343_1455,0.17465314380619656
2017_1343_1457,0.7563814530907126
2017_1343_1458,0.14796475885405036
2017_1343_1462,0.21139970107621528
2017_1344_1345,0.23888593413322368
2017_1344_1348,0.5258720071417273
2017_1344_1355,0.9295547988680017
2017_1344_1371,0.42519155686754073
2017_1344_1374,0.24852214399897393
2017_1344_1376,0.4027895394881597
2017_1344_1388,0.28022831095152534
2017_1344_1407,0.9064442728262724
2017_1344_1411,0.9469648163590474
2017_1344_1413,0.9389933929025457
2017_1344_1417,0.2961684848453184
2017_1344_1423,0.6897525151949911
2017_1344_1425,0.5761234632490593
2017_1344_1433,0.4841265378986439
2017_1344_1435,0.4849993500598752
2017_1344_1436,0.7372635334643801
2017_1344_1437,0.139710903627165
2017_1344_1438,0.2982028934115399
2017_1344_1439,0.4028515188100988
2017_1344_1448,0.5055023248981317
2017_1344_1452,0.2491749201978186
2017_1344_1455,0.3039017023791237
2017_1344_1457,0.8341474132300359
2017_1344_1458,0.26920142431979693
2017_1344_1462,0.419165471080375
2017_1345_1348,0.8198460538113966
2017_1345_1355,0.958988742225175
2017_1345_1371,0.7544580008777872
2017_1345_1374,0.4906710870835216
2017_1345_1376,0.7280421984271903
2017_1345_1388,0.547060214543088
2017_1345_1407,0.9393247979566931
2017_1345_1411,0.9640801091267942
2017_1345_1413,0.9509375239529859
2017_1345_1417,0.47119361857103303
2017_1345_1423,0.8596534517871719
2017_1345_1425,0.8213252669695027
2017_1345_1433,0.7804199826974075
2017_1345_1435,0.7520701171615756
2017_1345_1436,0.8980304879355968
2017_1345_1437,0.24836639105888564
2017_1345_1438,0.5621207767137467
2017_1345_1439,0.6576487994510908
2017_1345_1448,0.6882086482880978
2017_1345_1452,0.4647772582771137
2017_1345_1455,0.5889929485588309
2017_1345_1457,0.9082387401986601
2017_1345_1458,0.5931463539608557
2017_1345_1462,0.6920011483873777
2017_1348_1355,0.9188198351506505
2017_1348_1371,0.4048373249026445
2017_1348_1374,0.17555426355502543
2017_1348_1376,0.41024268431826083
2017_1348_1388,0.24041919277713486
2017_1348_1407,0.8879549485925992
2017_1348_1411,0.9390085835981734
2017_1348_1413,0.9174191746813799
2017_1348_1417,0.22062939337227844
2017_1348_1423,0.6250520807389726
2017_1348_1425,0.5086827553218136
2017_1348_1433,0.4659076605592915
2017_1348_1435,0.43948794465806557
2017_1348_1436,0.7018550831836137
2017_1348_1437,0.125396316023962
2017_1348_1438,0.2689440143370157
2017_1348_1439,0.31945642426201104
2017_1348_1448,0.41665224895240904
2017_1348_1452,0.22254313577724238
2017_1348_1455,0.2737130269961074
2017_1348_1457,0.7976245493894737
2017_1348_1458,0.2360950066079425
2017_1348_1462,0.34344939908990607
2017_1355_1371,0.05687851886111083
2017_1355_1374,0.03378561767184307
2017_1355_1376,0.0771002157223081
2017_1355_1388,0.04897932846029742
2017_1355_1407,0.49360712731170436
2017_1355_1411,0.6213267039142025
2017_1355_1413,0.5586895200937358
2017_1355_1417,0.04586631857727582
2017_1355_1423,0.11776657359339454
2017_1355_1425,0.07256342462239114
2017_1355_1433,0.061219359356127184
2017_1355_1435,0.07183843509001248
2017_1355_1436,0.0997585164677788
2017_1355_1437,0.03125805460679432
2017_1355_1438,0.05436371725308799
2017_1355_1439,0.05930811440743643
2017_1355_1448,0.08067347275050965
2017_1355_1452,0.05248879355653711
2017_1355_1455,0.05587552533143727
2017_1355_1457,0.3345864304917122
2017_1355_1458,0.04355318957107174
2017_1355_1462,0.057028069864299355
2017_1371_1374,0.26724192097440347
2017_1371_1376,0.46535442958348133
2017_1371_1388,0.3011513488621956
2017_1371_1407,0.925250831373274
2017_1371_1411,0.9562640231773734
2017_1371_1413,0.9489160322107962
2017_1371_1417,0.352342937478048
2017_1371_1423,0.7103011657818994
2017_1371_1425,0.5900212003781535
2017_1371_1433,0.546022441434895
2017_1371_1435,0.5210891502530997
2017_1371_1436,0.7730632762304012
2017_1371_1437,0.13852929632624636
2017_1371_1438,0.3080288500311782
2017_1371_1439,0.41667827445604666
2017_1371_1448,0.541236293173704
2017_1371_1452,0.22849934084051488
2017_1371_1455,0.320989945475162
2017_1371_1457,0.8646848091056466
2017_1371_1458,0.2903043609797108
2017_1371_1462,0.4237747560022464
2017_1374_1376,0.7224073980345428
2017_1374_1388,0.5556337367082298
2017_1374_1407,0.9508257282721269
2017_1374_1411,0.965077256401899
2017_1374_1413,0.9569677713838619
2017_1374_1417,0.5202674551532236
2017_1374_1423,0.8774208622920798
2017_1374_1425,0.845697320956109
2017_1374_1433,0.7936717744191923
2017_1374_1435,0.7668414395976694
2017_1374_1436,0.9074260559149117
2017_1374_1437,0.2804264756317278
2017_1374_1438,0.5447518190501133
2017_1374_1439,0.688686131256488
2017_1374_1448,0.700524287569786
2017_1374_1452,0.48795893700804494
2017_1374_1455,0.566238367271751
2017_1374_1457,0.9212102366015819
2017_1374_1458,0.5799658668252782
2017_1374_1462,0.7342504871571875
2017_1376_1388,0.36384762858626113
2017_1376_1407,0.9030858645872946
2017_1376_1411,0.9518616948408363
2017_1376_1413,0.9385600413739458
2017_1376_1417,0.3696914735877152
2017_1376_1423,0.7389701431801481
2017_1376_1425,0.6250443825803483
2017_1376_1433,0.5753069745304378
2017_1376_1435,0.48291301599446096
2017_1376_1436,0.7772491414738593
2017_1376_1437,0.1547311716927387
2017_1376_1438,0.39828619794761866
2017_1376_1439,0.4670711559032261
2017_1376_1448,0.5531694859952843
2017_1376_1452,0.31178273582167904
2017_1376_1455,0.4241629937705926
2017_1376_1457,0.8469333058400363
2017_1376_1458,0.3646455771674612
2017_1376_1462,0.4988155563209728
2017_1388_1407,0.9361643141262189
2017_1388_1411,0.960852224285993
2017_1388_1413,0.9539579205149166
2017_1388_1417,0.5353740593990456
2017_1388_1423,0.8458777999480243
2017_1388_1425,0.8152015287001286
2017_1388_1433,0.7545633284716547
2017_1388_1435,0.7243022693566443
2017_1388_1436,0.8895934305692519
2017_1388_1437,0.24077257617670955
2017_1388_1438,0.5244116206474477
2017_1388_1439,0.6466687132208302
2017_1388_1448,0.647748100522726
2017_1388_1452,0.43228532288016447
2017_1388_1455,0.5516080470123786
2017_1388_1457,0.9126417583534565
2017_1388_1458,0.5508802230863505
2017_1388_1462,0.6919706258716237
2017_1407_1411,0.5866850762275471
2017_1407_1413,0.5251411856947674
2017_1407_1417,0.04950355282569096
2017_1407_1423,0.11680435249021613
2017_1407_1425,0.0747397928316176
2017_1407_1433,0.09207479313355284
2017_1407_1435,0.10987287236973126
2017_1407_1436,0.14154666656514928
2017_1407_1437,0.03959745028460876
2017_1407_1438,0.06865289610911415
2017_1407_1439,0.053367240834251345
2017_1407_1448,0.08526316612452424
2017_1407_1452,0.06513287009554619
2017_1407_1455,0.062067704491827844
2017_1407_1457,0.35059999115868756
2017_1407_1458,0.0547789476009002
2017_1407_1462,0.06840650932977924
2017_1411_1413,0.5344381284684234
2017_1411_1417,0.03528833026657352
2017_1411_1423,0.0789303110432242
2017_1411_1425,0.042706526025321705
2017_1411_1433,0.05289595094606679
2017_1411_1435,0.056642396162458225
2017_1411_1436,0.09193337837948548
2017_1411_1437,0.023182339031281102
2017_1411_1438,0.03825437539726586
2017_1411_1439,0.036971138389210234
2017_1411_1448,0.05162691140952997
2017_1411_1452,0.034272176236264315
2017_1411_1455,0.05108945270132039
2017_1411_1457,0.3415361175974461
2017_1411_1458,0.031494735991596426
2017_1411_1462,0.03498424627628631
2017_1413_1417,0.0385163001120154
2017_1413_1423,0.0780159362557909
2017_1413_1425,0.04545572929721294
2017_1413_1433,0.06411129239713952
2017_1413_1435,0.06061176779577339
2017_1413_1436,0.08931437072040936
2017_1413_1437,0.023957320456330596
2017_1413_1438,0.03600126669776917
2017_1413_1439,0.041584056548466586
2017_1413_1448,0.05619150618514236
2017_1413_1452,0.03384055225646435
2017_1413_1455,0.04017400143116071
2017_1413_1457,0.32984383026205766
2017_1413_1458,0.03048508095018818
2017_1413_1462,0.0400622998912961
2017_1417_1423,0.8507788746351819
2017_1417_1425,0.7962251190445198
2017_1417_1433,0.7165377249296256
2017_1417_1435,0.7421530582740977
2017_1417_1436,0.8697044203406887
2017_1417_1437,0.3032917229306185
2017_1417_1438,0.5507536019540236
2017_1417_1439,0.6676932988361706
2017_1417_1448,0.7051459295685429
2017_1417_1452,0.5281976941774285
2017_1417_1455,0.5793516210063285
2017_1417_1457,0.9205665192507732
2017_1417_1458,0.5630293575871352
2017_1417_1462,0.6485088601585105
2017_1423_1425,0.42137619321535735
2017_1423_1433,0.4140827038736157
2017_1423_1435,0.40664543639372136
2017_1423_1436,0.5887555966916914
2017_1423_1437,0.10892497331460414
2017_1423_1438,0.21720449832128907
2017_1423_1439,0.27121493529296486
2017_1423_1448,0.331851682564816
2017_1423_1452,0.1837349501216313
2017_1423_1455,0.23818148435401987
2017_1423_1457,0.8270434863228225
2017_1423_1458,0.2137084184173161
2017_1423_1462,0.29418279130236097
2017_1425_1433,0.407416657584828
2017_1425_1435,0.3845760457246924
2017_1425_1436,0.6397542182688462
2017_1425_1437,0.08566753167461168
2017_1425_1438,0.19136339136231637
2017_1425_1439,0.2553733490441506
2017_1425_1448,0.33963825243511625
2017_1425_1452,0.14721852087693835
2017_1425_1455,0.19526117680378566
2017_1425_1457,0.8592546341344243
2017_1425_1458,0.172235393499956
2017_1425_1462,0.2564994759315977
2017_1433_1435,0.4427538435755802
2017_1433_1436,0.705157976825947
2017_1433_1437,0.10821188768680942
2017_1433_1438,0.2556996811696207
2017_1433_1439,0.3476249448145582
2017_1433_1448,0.4268318555694147
2017_1433_1452,0.20039124823627025
2017_1433_1455,0.2455889070010931
2017_1433_1457,0.8310071439031625
2017_1433_1458,0.22699149685844708
2017_1433_1462,0.3577857961983018
2017_1435_1436,0.7211433529501101
2017_1435_1437,0.13857519464966228
2017_1435_1438,0.37474545319136743
2017_1435_1439,0.40448515818368513
2017_1435_1448,0.5055007094443558
2017_1435_1452,0.31044779345631973
2017_1435_1455,0.36121141766200027
2017_1435_1457,0.7971840616846185
2017_1435_1458,0.2895204865039919
2017_1435_1462,0.4081870982290599
2017_1436_1437,0.06670493932837698
2017_1436_1438,0.14624687257317023
2017_1436_1439,0.18071297597642003
2017_1436_1448,0.24678677703015017
2017_1436_1452,0.11628148249629011
2017_1436_1455,0.16477411097345263
2017_1436_1457,0.8112627599453904
2017_1436_1458,0.12515833870739282
2017_1436_1462,0.16547392942055408
2017_1437_1438,0.7118790162282924
2017_1437_1439,0.8039558557784163
2017_1437_1448,0.8164579917603546
2017_1437_1452,0.67116674818844
2017_1437_1455,0.7260591327857219
2017_1437_1457,0.9441332251477985
2017_1437_1458,0.7380540511634749
2017_1437_1462,0.8263717093032462
2017_1438_1439,0.679640469435696
2017_1438_1448,0.6942946281804568
2017_1438_1452,0.4501426143396288
2017_1438_1455,0.577008979409559
2017_1438_1457,0.8948691033913573
2017_1438_1458,0.5351518848098256
2017_1438_1462,0.693791788632163
2017_1439_1448,0.6020550838701009
2017_1439_1452,0.3087808593625883
2017_1439_1455,0.3832464439193828
2017_1439_1457,0.8905556228717362
2017_1439_1458,0.3792326769940918
2017_1439_1462,0.5212251145047656
2017_1448_1452,0.32958581793707464
2017_1448_1455,0.40460402787187943
2017_1448_1457,0.8466460163999452
2017_1448_1458,0.36130443455828004
2017_1448_1462,0.42148838225005136
2017_1452_1455,0.6140768365078431
2017_1452_1457,0.9042191787117579
2017_1452_1458,0.5934850193071897
2017_1452_1462,0.7131149016585469
2017_1455_1457,0.8902023683315199
2017_1455_1458,0.5305841980733579
2017_1455_1462,0.6167351066500696
2017_1457_1458,0.07968026607344104
2017_1457_1462,0.10130704427893822
2017_1458_1462,0.6781683830629132
